,index,datetime,timestamp,user_id,level,task,TLX_mean,TLX_mental_demand,TLX_physical_demand,TLX_temporal_demand,TLX_performance,TLX_effort,TLX_frustration
90,129,10/17/2017 9:51,1.50823E+12,5gpsc,1,FA,22,4,2,4,4,4,4
580,773,10/18/2017 12:47,1.50833E+12,wjxci,rest,NCrest,-1,-1,-1,-1,-1,-1,-1
489,682,10/17/2017 8:19,1.50823E+12,rc1in,rest,HPrest,-1,-1,-1,-1,-1,-1,-1
420,575,10/19/2017 16:09,1.50843E+12,ibvx8,1,FA,25,4,3,4,5,4,5
596,789,10/20/2017 9:00,1.50849E+12,yljm5,rest,n3_rest,-1,-1,-1,-1,-1,-1,-1
422,577,10/19/2017 16:07,1.50843E+12,ibvx8,rest,FArest,-1,-1,-1,-1,-1,-1,-1
407,562,9/15/2017 7:39,1.50546E+12,hpbxa,rest,FArest,-1,-1,-1,-1,-1,-1,-1
576,769,10/18/2017 12:45,1.50833E+12,wjxci,rest,GCrest,-1,-1,-1,-1,-1,-1,-1
153,231,8/21/2017 13:52,1.50332E+12,7swyk,rest,PTrest,-1,-1,-1,-1,-1,-1,-1
310,426,8/21/2017 15:17,1.50333E+12,e4gay,rest,SXrest,-1,-1,-1,-1,-1,-1,-1
337,453,8/29/2017 15:17,1.50402E+12,ef5rq,rest,GCrest,-1,-1,-1,-1,-1,-1,-1
330,446,8/29/2017 15:09,1.50402E+12,ef5rq,rest,FArest,-1,-1,-1,-1,-1,-1,-1
135,213,8/21/2017 13:29,1.50332E+12,7swyk,2,GC,20,4,3,3,4,3,3
171,249,10/13/2017 8:50,1.50788E+12,8a1ep,2,GC,14,4,1,1,3,3,2
359,514,10/20/2017 11:25,1.5085E+12,f3j25,rest,n3_rest,-1,-1,-1,-1,-1,-1,-1
539,732,9/15/2017 15:02,1.50549E+12,tn4vl,rest,GCrest,-1,-1,-1,-1,-1,-1,-1
54,54,10/18/2017 14:59,1.50834E+12,2nxs5,1,GC,14,2,2,2,3,3,2
160,238,10/13/2017 8:39,1.50788E+12,8a1ep,1,HP,9,2,1,1,1,2,2
42,42,10/18/2017 14:41,1.50834E+12,2nxs5,2,HP,13,2,1,2,3,3,2
30,30,9/19/2017 15:24,1.50583E+12,1mpau,rest,SXrest,-1,-1,-1,-1,-1,-1,-1
340,456,8/29/2017 15:22,1.50402E+12,ef5rq,2,NC,13,3,3,1,2,3,1
600,793,10/20/2017 9:18,1.50849E+12,yljm5,rest,HPrest,-1,-1,-1,-1,-1,-1,-1
52,52,10/18/2017 14:54,1.50834E+12,2nxs5,rest,FArest,-1,-1,-1,-1,-1,-1,-1
323,439,8/29/2017 15:05,1.50402E+12,ef5rq,1,HP,13,2,3,3,2,2,1
103,142,10/17/2017 10:10,1.50824E+12,5gpsc,1,NC,24,2,2,5,5,5,5
463,618,8/21/2017 12:05,1.50332E+12,iz2ps,rest,GCrest,-1,-1,-1,-1,-1,-1,-1
293,409,8/21/2017 14:55,1.50333E+12,e4gay,rest,FArest,-1,-1,-1,-1,-1,-1,-1
63,63,10/18/2017 15:06,1.50834E+12,2nxs5,rest,NCrest,-1,-1,-1,-1,-1,-1,-1
631,824,10/20/2017 9:55,1.50849E+12,yljm5,rest,PTrest,-1,-1,-1,-1,-1,-1,-1
312,428,8/21/2017 15:21,1.50333E+12,e4gay,rest,SXrest,-1,-1,-1,-1,-1,-1,-1
480,635,8/21/2017 12:22,1.50332E+12,iz2ps,rest,PTrest,-1,-1,-1,-1,-1,-1,-1
536,729,9/15/2017 14:58,1.50549E+12,tn4vl,1,GC,10,2,1,1,2,2,2
10,10,9/19/2017 15:05,1.50583E+12,1mpau,2,FA,17,3,2,3,3,3,3
178,256,10/19/2017 14:34,1.50842E+12,b7mrd,0,HP,7,1,1,1,2,1,1
192,270,10/19/2017 14:50,1.50842E+12,b7mrd,rest,GCrest,-1,-1,-1,-1,-1,-1,-1
563,756,10/18/2017 12:28,1.50833E+12,wjxci,rest,HPrest,-1,-1,-1,-1,-1,-1,-1
202,280,10/19/2017 15:05,1.50843E+12,b7mrd,rest,SXrest,-1,-1,-1,-1,-1,-1,-1
237,353,9/13/2017 16:47,1.50532E+12,c24ur,rest,SXrest,-1,-1,-1,-1,-1,-1,-1
33,33,9/19/2017 15:28,1.50583E+12,1mpau,1,PT,15,3,2,3,2,3,2
520,713,9/15/2017 14:32,1.50549E+12,tn4vl,1,n2,-1,-1,-1,-1,-1,-1,-1
55,55,10/18/2017 15:01,1.50834E+12,2nxs5,2,GC,13,2,2,2,3,2,2
562,755,10/18/2017 12:26,1.50833E+12,wjxci,rest,HPrest,-1,-1,-1,-1,-1,-1,-1
382,537,10/20/2017 12:15,1.5085E+12,f3j25,rest,NCrest,-1,-1,-1,-1,-1,-1,-1
275,391,9/20/2017 16:09,1.50592E+12,dkhty,1,PT,18,4,4,2,2,3,3
198,276,10/19/2017 14:57,1.50843E+12,b7mrd,rest,NCrest,-1,-1,-1,-1,-1,-1,-1
127,205,8/21/2017 13:16,1.50332E+12,7swyk,rest,HPrest,-1,-1,-1,-1,-1,-1,-1
113,152,10/17/2017 10:18,1.50824E+12,5gpsc,1,PT,21,4,3,2,3,4,5
75,75,10/18/2017 15:21,1.50834E+12,2nxs5,rest,PTrest,-1,-1,-1,-1,-1,-1,-1
6,6,9/19/2017 15:02,1.50583E+12,1mpau,1,HP,10,2,1,2,2,2,1
412,567,10/19/2017 15:45,1.50843E+12,ibvx8,rest,n3_rest,-1,-1,-1,-1,-1,-1,-1
571,764,10/18/2017 12:39,1.50833E+12,wjxci,1,GC,19,3,3,3,4,3,3
125,203,8/21/2017 13:10,1.50332E+12,7swyk,rest,HPrest,-1,-1,-1,-1,-1,-1,-1
215,331,9/13/2017 16:21,1.50532E+12,c24ur,1,FA,14,1,1,3,3,3,3
621,814,10/20/2017 9:46,1.50849E+12,yljm5,0,SX,8,1,1,1,1,1,3
187,265,10/19/2017 14:45,1.50842E+12,b7mrd,rest,FArest,-1,-1,-1,-1,-1,-1,-1
234,350,9/13/2017 16:46,1.50532E+12,c24ur,2,SX,11,1,1,1,3,3,2
177,255,10/19/2017 14:32,1.50842E+12,b7mrd,2,HP,11,2,1,2,2,2,2
76,76,10/18/2017 15:23,1.50834E+12,2nxs5,rest,PTrest,-1,-1,-1,-1,-1,-1,-1
408,563,9/15/2017 7:39,1.50546E+12,hpbxa,rest,FArest,-1,-1,-1,-1,-1,-1,-1
383,538,10/20/2017 12:19,1.5085E+12,f3j25,rest,NCrest,-1,-1,-1,-1,-1,-1,-1
11,11,9/19/2017 15:07,1.50583E+12,1mpau,1,FA,11,2,1,2,2,3,1
49,49,10/18/2017 14:53,1.50834E+12,2nxs5,1,FA,18,3,2,3,4,3,3
444,599,8/21/2017 11:19,1.50331E+12,iz2ps,1,n2,-1,-1,-1,-1,-1,-1,-1
546,739,9/15/2017 15:10,1.50549E+12,tn4vl,rest,NCrest,-1,-1,-1,-1,-1,-1,-1
230,346,9/13/2017 16:37,1.50532E+12,c24ur,rest,NCrest,-1,-1,-1,-1,-1,-1,-1
433,588,10/19/2017 16:20,1.50843E+12,ibvx8,rest,NCrest,-1,-1,-1,-1,-1,-1,-1
381,536,10/20/2017 12:11,1.5085E+12,f3j25,rest,NCrest,-1,-1,-1,-1,-1,-1,-1
143,221,8/21/2017 13:34,1.50332E+12,7swyk,rest,NCrest,-1,-1,-1,-1,-1,-1,-1
201,279,10/19/2017 15:06,1.50843E+12,b7mrd,1,SX,12,2,2,2,2,2,2
388,543,10/20/2017 12:22,1.5085E+12,f3j25,rest,SXrest,-1,-1,-1,-1,-1,-1,-1
197,275,10/19/2017 15:03,1.50843E+12,b7mrd,1,NC,12,2,2,2,2,2,2
355,471,8/29/2017 15:35,1.50402E+12,ef5rq,rest,PTrest,-1,-1,-1,-1,-1,-1,-1
349,465,8/29/2017 15:28,1.50402E+12,ef5rq,rest,SXrest,-1,-1,-1,-1,-1,-1,-1
468,623,8/21/2017 12:09,1.50332E+12,iz2ps,rest,NCrest,-1,-1,-1,-1,-1,-1,-1
317,433,8/21/2017 15:24,1.50333E+12,e4gay,rest,PTrest,-1,-1,-1,-1,-1,-1,-1
249,365,9/20/2017 15:43,1.50592E+12,dkhty,1,HP,15,3,2,2,2,3,3
401,556,9/15/2017 7:31,1.50546E+12,hpbxa,1,HP,10,2,1,2,2,2,1
285,401,8/21/2017 14:50,1.50333E+12,e4gay,0,HP,9,2,2,1,1,2,1
108,147,10/17/2017 10:14,1.50824E+12,5gpsc,1,SX,15,3,3,2,2,2,3
304,420,8/21/2017 15:15,1.50333E+12,e4gay,1,NC,10,2,2,1,2,2,1
267,383,9/20/2017 16:00,1.50592E+12,dkhty,rest,NCrest,-1,-1,-1,-1,-1,-1,-1
145,223,8/21/2017 13:41,1.50332E+12,7swyk,rest,NCrest,-1,-1,-1,-1,-1,-1,-1
44,44,10/18/2017 14:45,1.50834E+12,2nxs5,1,HP,13,2,2,2,3,2,2
300,416,8/21/2017 15:06,1.50333E+12,e4gay,rest,GCrest,-1,-1,-1,-1,-1,-1,-1
559,752,10/18/2017 12:25,1.50833E+12,wjxci,2,HP,14,3,2,2,2,3,2
152,230,8/21/2017 13:51,1.50332E+12,7swyk,rest,PTrest,-1,-1,-1,-1,-1,-1,-1
134,212,8/21/2017 13:26,1.50332E+12,7swyk,1,GC,19,4,3,2,4,3,3
301,417,8/21/2017 15:07,1.50333E+12,e4gay,rest,GCrest,-1,-1,-1,-1,-1,-1,-1
467,622,8/21/2017 12:13,1.50332E+12,iz2ps,1,NC,15,3,2,3,2,3,2
521,714,9/15/2017 14:36,1.50549E+12,tn4vl,rest,n2_rest,-1,-1,-1,-1,-1,-1,-1
409,564,10/19/2017 15:37,1.50843E+12,ibvx8,1,n2,-1,-1,-1,-1,-1,-1,-1
188,266,10/19/2017 14:48,1.50842E+12,b7mrd,rest,FArest,-1,-1,-1,-1,-1,-1,-1
573,766,10/18/2017 12:44,1.50833E+12,wjxci,0,GC,6,1,1,1,1,1,1
276,392,9/20/2017 16:11,1.50592E+12,dkhty,0,PT,19,4,4,2,2,4,3
369,524,10/20/2017 11:50,1.5085E+12,f3j25,rest,FArest,-1,-1,-1,-1,-1,-1,-1
7,7,9/19/2017 15:00,1.50583E+12,1mpau,rest,HPrest,-1,-1,-1,-1,-1,-1,-1
123,201,8/21/2017 13:12,1.50332E+12,7swyk,0,HP,11,2,2,1,2,2,2
427,582,10/19/2017 16:15,1.50843E+12,ibvx8,rest,GCrest,-1,-1,-1,-1,-1,-1,-1
450,605,8/21/2017 11:54,1.50332E+12,iz2ps,1,HP,16,3,2,2,3,3,3
623,816,10/20/2017 9:50,1.50849E+12,yljm5,2,SX,10,2,1,2,1,2,2
443,598,10/19/2017 16:38,1.50843E+12,ibvx8,rest,PTrest,-1,-1,-1,-1,-1,-1,-1
72,72,10/18/2017 15:21,1.50834E+12,2nxs5,1,PT,12,2,2,2,2,2,2
287,403,8/21/2017 14:49,1.50333E+12,e4gay,rest,HPrest,-1,-1,-1,-1,-1,-1,-1
610,803,10/20/2017 9:34,1.50849E+12,yljm5,2,GC,14,2,1,3,3,3,2
425,580,10/19/2017 16:16,1.50843E+12,ibvx8,2,GC,21,4,3,3,4,3,4
120,198,8/21/2017 12:49,1.50332E+12,7swyk,2,n3,-1,-1,-1,-1,-1,-1,-1
367,522,10/20/2017 11:53,1.5085E+12,f3j25,1,FA,13,2,1,4,1,2,3
24,24,9/19/2017 15:16,1.50583E+12,1mpau,rest,NCrest,-1,-1,-1,-1,-1,-1,-1
41,41,10/18/2017 14:30,1.50834E+12,2nxs5,rest,n3_rest,-1,-1,-1,-1,-1,-1,-1
218,334,9/13/2017 16:22,1.50532E+12,c24ur,rest,FArest,-1,-1,-1,-1,-1,-1,-1
591,784,10/18/2017 13:01,1.50833E+12,wjxci,rest,PTrest,-1,-1,-1,-1,-1,-1,-1
506,699,10/17/2017 8:39,1.50823E+12,rc1in,rest,NCrest,-1,-1,-1,-1,-1,-1,-1
195,273,10/19/2017 14:55,1.50842E+12,b7mrd,0,NC,12,2,2,2,2,2,2
62,62,10/18/2017 15:11,1.50834E+12,2nxs5,1,NC,13,2,2,2,3,2,2
549,742,9/15/2017 15:15,1.50549E+12,tn4vl,2,SX,14,3,2,2,2,3,2
479,634,8/21/2017 12:25,1.50332E+12,iz2ps,2,PT,21,4,4,3,3,4,3
544,737,9/15/2017 15:04,1.50549E+12,tn4vl,rest,NCrest,-1,-1,-1,-1,-1,-1,-1
592,785,10/18/2017 13:03,1.50833E+12,wjxci,rest,PTrest,-1,-1,-1,-1,-1,-1,-1
334,450,8/29/2017 15:16,1.50402E+12,ef5rq,2,GC,14,2,2,1,5,2,2
274,390,9/20/2017 16:08,1.50592E+12,dkhty,rest,SXrest,-1,-1,-1,-1,-1,-1,-1
161,239,10/13/2017 8:37,1.50788E+12,8a1ep,rest,HPrest,-1,-1,-1,-1,-1,-1,-1
555,748,10/18/2017 11:57,1.50833E+12,wjxci,1,n2,-1,-1,-1,-1,-1,-1,-1
242,358,9/13/2017 16:50,1.50532E+12,c24ur,rest,PTrest,-1,-1,-1,-1,-1,-1,-1
162,240,10/13/2017 8:38,1.50788E+12,8a1ep,rest,HPrest,-1,-1,-1,-1,-1,-1,-1
436,591,10/19/2017 16:28,1.50843E+12,ibvx8,0,SX,16,3,2,3,2,3,3
194,272,10/19/2017 14:54,1.50842E+12,b7mrd,rest,GCrest,-1,-1,-1,-1,-1,-1,-1
598,791,10/20/2017 9:19,1.50849E+12,yljm5,0,HP,7,1,1,2,1,1,1
259,375,9/20/2017 15:53,1.50592E+12,dkhty,2,GC,21,4,3,2,4,4,4
447,602,8/21/2017 11:27,1.50331E+12,iz2ps,rest,n3_rest,-1,-1,-1,-1,-1,-1,-1
225,341,9/13/2017 16:32,1.50532E+12,c24ur,rest,GCrest,-1,-1,-1,-1,-1,-1,-1
37,37,9/19/2017 15:31,1.50584E+12,1mpau,rest,PTrest,-1,-1,-1,-1,-1,-1,-1
347,463,8/29/2017 15:29,1.50402E+12,ef5rq,2,SX,14,2,4,2,2,3,1
490,683,10/17/2017 8:21,1.50823E+12,rc1in,rest,HPrest,-1,-1,-1,-1,-1,-1,-1
124,202,8/21/2017 13:15,1.50332E+12,7swyk,1,HP,12,2,2,2,2,2,2
414,569,10/19/2017 15:59,1.50843E+12,ibvx8,0,HP,16,3,2,3,2,3,3
253,369,9/20/2017 15:45,1.50592E+12,dkhty,2,FA,19,3,3,2,3,4,4
133,211,8/21/2017 13:25,1.50332E+12,7swyk,rest,FArest,-1,-1,-1,-1,-1,-1,-1
429,584,10/19/2017 16:19,1.50843E+12,ibvx8,rest,GCrest,-1,-1,-1,-1,-1,-1,-1
57,57,10/18/2017 15:00,1.50834E+12,2nxs5,rest,GCrest,-1,-1,-1,-1,-1,-1,-1
174,252,10/19/2017 13:59,1.50842E+12,b7mrd,rest,n2_rest,-1,-1,-1,-1,-1,-1,-1
608,801,10/20/2017 9:32,1.50849E+12,yljm5,rest,FArest,-1,-1,-1,-1,-1,-1,-1
373,528,10/20/2017 12:05,1.5085E+12,f3j25,2,GC,18,3,2,3,4,3,3
207,323,9/13/2017 15:58,1.50532E+12,c24ur,rest,n3_rest,-1,-1,-1,-1,-1,-1,-1
138,216,8/21/2017 13:30,1.50332E+12,7swyk,rest,GCrest,-1,-1,-1,-1,-1,-1,-1
66,66,10/18/2017 15:13,1.50834E+12,2nxs5,0,SX,10,2,2,2,1,2,1
497,690,10/17/2017 8:33,1.50823E+12,rc1in,rest,FArest,-1,-1,-1,-1,-1,-1,-1
186,264,10/19/2017 14:43,1.50842E+12,b7mrd,rest,FArest,-1,-1,-1,-1,-1,-1,-1
516,709,10/17/2017 8:56,1.50823E+12,rc1in,0,PT,8,2,1,1,1,2,1
203,281,10/19/2017 15:07,1.50843E+12,b7mrd,rest,SXrest,-1,-1,-1,-1,-1,-1,-1
291,407,8/21/2017 14:58,1.50333E+12,e4gay,1,FA,21,4,3,3,3,4,4
85,124,10/17/2017 9:37,1.50823E+12,5gpsc,rest,HPrest,-1,-1,-1,-1,-1,-1,-1
341,457,8/29/2017 15:24,1.50402E+12,ef5rq,1,NC,13,3,3,1,2,3,1
404,559,9/15/2017 7:32,1.50546E+12,hpbxa,rest,HPrest,-1,-1,-1,-1,-1,-1,-1
609,802,10/20/2017 9:33,1.50849E+12,yljm5,1,GC,13,2,1,3,2,3,2
343,459,8/29/2017 15:22,1.50402E+12,ef5rq,rest,NCrest,-1,-1,-1,-1,-1,-1,-1
335,451,8/29/2017 15:18,1.50402E+12,ef5rq,0,GC,11,2,2,2,2,2,1
405,560,9/15/2017 7:34,1.50546E+12,hpbxa,2,FA,14,3,1,3,3,3,1
246,362,9/20/2017 15:33,1.50592E+12,dkhty,rest,n3_rest,-1,-1,-1,-1,-1,-1,-1
434,589,10/19/2017 16:24,1.50843E+12,ibvx8,rest,NCrest,-1,-1,-1,-1,-1,-1,-1
511,704,10/17/2017 8:53,1.50823E+12,rc1in,2,SX,14,3,1,3,1,4,2
193,271,10/19/2017 14:52,1.50842E+12,b7mrd,rest,GCrest,-1,-1,-1,-1,-1,-1,-1
619,812,10/20/2017 9:43,1.50849E+12,yljm5,rest,NCrest,-1,-1,-1,-1,-1,-1,-1
114,153,10/17/2017 10:20,1.50824E+12,5gpsc,0,PT,14,2,2,2,2,2,4
176,254,10/19/2017 14:04,1.50842E+12,b7mrd,rest,n3_rest,-1,-1,-1,-1,-1,-1,-1
327,443,8/29/2017 15:08,1.50402E+12,ef5rq,2,FA,14,2,3,3,1,3,2
119,197,8/21/2017 12:47,1.50332E+12,7swyk,rest,n2_rest,-1,-1,-1,-1,-1,-1,-1
292,408,8/21/2017 15:00,1.50333E+12,e4gay,0,FA,9,2,2,1,1,2,1
526,719,9/15/2017 14:51,1.50549E+12,tn4vl,1,HP,12,3,1,2,1,2,3
239,355,9/13/2017 16:49,1.50532E+12,c24ur,0,PT,8,1,1,1,3,1,1
482,675,10/17/2017 7:55,1.50823E+12,rc1in,1,n2,-1,-1,-1,-1,-1,-1,-1
551,744,9/15/2017 15:13,1.50549E+12,tn4vl,rest,SXrest,-1,-1,-1,-1,-1,-1,-1
206,322,9/13/2017 15:55,1.50532E+12,c24ur,2,n3,-1,-1,-1,-1,-1,-1,-1
602,795,10/20/2017 9:22,1.50849E+12,yljm5,rest,HPrest,-1,-1,-1,-1,-1,-1,-1
515,708,10/17/2017 8:55,1.50823E+12,rc1in,1,PT,10,3,1,1,2,2,1
205,321,9/13/2017 15:53,1.50532E+12,c24ur,rest,n2_rest,-1,-1,-1,-1,-1,-1,-1
431,586,10/19/2017 16:23,1.50843E+12,ibvx8,2,NC,20,4,2,3,3,4,4
286,402,8/21/2017 14:52,1.50333E+12,e4gay,1,HP,12,3,3,1,2,2,1
158,236,10/13/2017 8:36,1.50788E+12,8a1ep,2,HP,13,3,3,2,1,2,2
455,610,8/21/2017 11:58,1.50332E+12,iz2ps,1,FA,19,4,2,3,4,3,3
374,529,10/20/2017 12:07,1.5085E+12,f3j25,0,GC,11,2,2,2,2,2,1
236,352,9/13/2017 16:44,1.50532E+12,c24ur,rest,SXrest,-1,-1,-1,-1,-1,-1,-1
392,547,10/20/2017 12:31,1.5085E+12,f3j25,2,PT,14,4,1,2,1,4,2
238,354,9/13/2017 16:48,1.50532E+12,c24ur,1,PT,8,1,1,1,3,1,1
303,419,8/21/2017 15:12,1.50333E+12,e4gay,2,NC,18,4,2,4,2,4,2
172,250,10/13/2017 8:49,1.50788E+12,8a1ep,rest,GCrest,-1,-1,-1,-1,-1,-1,-1
528,721,9/15/2017 14:50,1.50549E+12,tn4vl,rest,HPrest,-1,-1,-1,-1,-1,-1,-1
169,247,10/13/2017 8:48,1.50788E+12,8a1ep,rest,FArest,-1,-1,-1,-1,-1,-1,-1
190,268,10/19/2017 14:52,1.50842E+12,b7mrd,2,GC,19,4,2,2,4,3,4
356,511,10/20/2017 11:16,1.5085E+12,f3j25,1,n2,-1,-1,-1,-1,-1,-1,-1
264,380,9/20/2017 15:59,1.50592E+12,dkhty,2,NC,19,4,2,2,3,4,4
624,817,10/20/2017 9:47,1.50849E+12,yljm5,rest,SXrest,-1,-1,-1,-1,-1,-1,-1
421,576,10/19/2017 16:12,1.50843E+12,ibvx8,0,FA,24,4,3,4,5,3,5
150,228,8/21/2017 13:44,1.50332E+12,7swyk,rest,SXrest,-1,-1,-1,-1,-1,-1,-1
578,771,10/18/2017 12:49,1.50833E+12,wjxci,2,NC,20,4,3,4,2,4,3
417,572,10/19/2017 16:00,1.50843E+12,ibvx8,rest,HPrest,-1,-1,-1,-1,-1,-1,-1
438,593,10/19/2017 16:34,1.50843E+12,ibvx8,2,SX,19,4,3,2,3,3,4
199,277,10/19/2017 15:01,1.50843E+12,b7mrd,rest,NCrest,-1,-1,-1,-1,-1,-1,-1
196,274,10/19/2017 15:00,1.50843E+12,b7mrd,2,NC,19,3,2,4,4,3,3
593,786,10/20/2017 8:51,1.50849E+12,yljm5,1,n2,-1,-1,-1,-1,-1,-1,-1
159,237,10/13/2017 8:38,1.50788E+12,8a1ep,0,HP,8,1,1,2,1,1,2
616,809,10/20/2017 9:41,1.50849E+12,yljm5,2,NC,16,3,1,4,2,4,2
613,806,10/20/2017 9:35,1.50849E+12,yljm5,rest,GCrest,-1,-1,-1,-1,-1,-1,-1
140,218,8/21/2017 13:34,1.50332E+12,7swyk,0,NC,11,2,2,1,2,2,2
353,469,8/29/2017 15:37,1.50402E+12,ef5rq,2,PT,22,3,5,4,3,4,3
232,348,9/13/2017 16:42,1.50532E+12,c24ur,0,SX,8,1,1,1,3,1,1
626,819,10/20/2017 9:52,1.50849E+12,yljm5,rest,SXrest,-1,-1,-1,-1,-1,-1,-1
112,151,10/17/2017 10:18,1.50824E+12,5gpsc,rest,SXrest,-1,-1,-1,-1,-1,-1,-1
221,337,9/13/2017 16:29,1.50532E+12,c24ur,2,GC,15,3,1,2,2,3,4
212,328,9/13/2017 16:12,1.50532E+12,c24ur,rest,HPrest,-1,-1,-1,-1,-1,-1,-1
69,69,10/18/2017 15:14,1.50834E+12,2nxs5,rest,SXrest,-1,-1,-1,-1,-1,-1,-1
142,220,8/21/2017 13:39,1.50332E+12,7swyk,1,NC,17,3,3,3,2,3,3
283,399,8/21/2017 14:35,1.50333E+12,e4gay,rest,n3_rest,-1,-1,-1,-1,-1,-1,-1
280,396,8/21/2017 14:27,1.50333E+12,e4gay,1,n2,-1,-1,-1,-1,-1,-1,-1
466,621,8/21/2017 12:11,1.50332E+12,iz2ps,2,NC,20,4,3,3,3,4,3
126,204,8/21/2017 13:13,1.50332E+12,7swyk,rest,HPrest,-1,-1,-1,-1,-1,-1,-1
338,454,8/29/2017 15:19,1.50402E+12,ef5rq,rest,GCrest,-1,-1,-1,-1,-1,-1,-1
265,381,9/20/2017 16:02,1.50592E+12,dkhty,1,NC,17,4,2,2,2,4,3
272,388,9/20/2017 16:04,1.50592E+12,dkhty,rest,SXrest,-1,-1,-1,-1,-1,-1,-1
346,462,8/29/2017 15:27,1.50402E+12,ef5rq,1,SX,12,3,3,1,2,2,1
43,43,10/18/2017 14:43,1.50834E+12,2nxs5,0,HP,13,2,2,2,3,2,2
432,587,10/19/2017 16:26,1.50843E+12,ibvx8,1,NC,19,4,3,3,2,3,4
102,141,10/17/2017 10:07,1.50823E+12,5gpsc,2,NC,17,3,2,3,3,3,3
371,526,10/20/2017 11:59,1.5085E+12,f3j25,rest,FArest,-1,-1,-1,-1,-1,-1,-1
372,527,10/20/2017 12:00,1.5085E+12,f3j25,1,GC,9,1,2,1,2,2,1
376,531,10/20/2017 12:05,1.5085E+12,f3j25,rest,GCrest,-1,-1,-1,-1,-1,-1,-1
363,518,10/20/2017 11:41,1.5085E+12,f3j25,rest,HPrest,-1,-1,-1,-1,-1,-1,-1
297,413,8/21/2017 15:05,1.50333E+12,e4gay,2,GC,19,4,2,2,4,4,3
352,468,8/29/2017 15:34,1.50402E+12,ef5rq,0,PT,8,1,2,1,1,2,1
117,156,10/17/2017 10:21,1.50824E+12,5gpsc,rest,PTrest,-1,-1,-1,-1,-1,-1,-1
339,455,8/29/2017 15:19,1.50402E+12,ef5rq,0,NC,9,2,2,1,1,2,1
29,29,9/19/2017 15:27,1.50583E+12,1mpau,2,SX,18,3,3,3,3,3,3
183,261,10/19/2017 14:42,1.50842E+12,b7mrd,2,FA,21,3,2,4,5,3,4
109,148,10/17/2017 10:16,1.50824E+12,5gpsc,2,SX,18,4,3,3,2,3,3
385,540,10/20/2017 12:21,1.5085E+12,f3j25,1,SX,10,2,2,1,1,2,2
220,336,9/13/2017 16:26,1.50532E+12,c24ur,1,GC,13,3,1,1,2,2,4
77,116,10/17/2017 9:15,1.50823E+12,5gpsc,1,n2,-1,-1,-1,-1,-1,-1,-1
209,325,9/13/2017 16:11,1.50532E+12,c24ur,0,HP,9,1,1,2,3,1,1
40,40,10/18/2017 14:27,1.50834E+12,2nxs5,2,n3,-1,-1,-1,-1,-1,-1,-1
566,759,10/18/2017 12:34,1.50833E+12,wjxci,1,FA,17,3,3,3,2,3,3
615,808,10/20/2017 9:38,1.50849E+12,yljm5,0,NC,6,1,1,1,1,1,1
86,125,10/17/2017 9:40,1.50823E+12,5gpsc,rest,HPrest,-1,-1,-1,-1,-1,-1,-1
208,324,9/13/2017 16:09,1.50532E+12,c24ur,2,HP,12,1,1,3,3,3,1
368,523,10/20/2017 11:56,1.5085E+12,f3j25,0,FA,9,1,1,2,1,2,2
456,611,8/21/2017 12:00,1.50332E+12,iz2ps,0,FA,16,3,2,3,3,3,2
22,22,9/19/2017 15:19,1.50583E+12,1mpau,2,NC,16,3,1,3,3,3,3
99,138,10/17/2017 10:01,1.50823E+12,5gpsc,rest,GCrest,-1,-1,-1,-1,-1,-1,-1
256,372,9/20/2017 15:46,1.50592E+12,dkhty,rest,FArest,-1,-1,-1,-1,-1,-1,-1
93,132,10/17/2017 9:51,1.50823E+12,5gpsc,rest,FArest,-1,-1,-1,-1,-1,-1,-1
568,761,10/18/2017 12:33,1.50833E+12,wjxci,rest,FArest,-1,-1,-1,-1,-1,-1,-1
535,728,9/15/2017 14:58,1.50549E+12,tn4vl,rest,FArest,-1,-1,-1,-1,-1,-1,-1
332,448,8/29/2017 15:13,1.50402E+12,ef5rq,rest,FArest,-1,-1,-1,-1,-1,-1,-1
308,424,8/21/2017 15:17,1.50333E+12,e4gay,1,SX,15,3,4,2,2,2,2
378,533,10/20/2017 12:10,1.5085E+12,f3j25,0,NC,10,2,1,2,1,3,1
525,718,9/15/2017 14:49,1.50549E+12,tn4vl,0,HP,10,2,1,2,1,2,2
611,804,10/20/2017 9:36,1.50849E+12,yljm5,0,GC,10,2,1,2,2,2,1
344,460,8/29/2017 15:25,1.50402E+12,ef5rq,rest,NCrest,-1,-1,-1,-1,-1,-1,-1
522,715,9/15/2017 14:38,1.50549E+12,tn4vl,2,n3,-1,-1,-1,-1,-1,-1,-1
523,716,9/15/2017 14:41,1.50549E+12,tn4vl,rest,n3_rest,-1,-1,-1,-1,-1,-1,-1
116,155,10/17/2017 10:19,1.50824E+12,5gpsc,rest,PTrest,-1,-1,-1,-1,-1,-1,-1
322,438,8/29/2017 15:03,1.50402E+12,ef5rq,0,HP,10,2,2,2,1,2,1
519,712,10/17/2017 8:57,1.50823E+12,rc1in,rest,PTrest,-1,-1,-1,-1,-1,-1,-1
156,234,10/13/2017 8:20,1.50788E+12,8a1ep,2,n3,-1,-1,-1,-1,-1,-1,-1
457,612,8/21/2017 11:57,1.50332E+12,iz2ps,rest,FArest,-1,-1,-1,-1,-1,-1,-1
92,131,10/17/2017 9:48,1.50823E+12,5gpsc,rest,FArest,-1,-1,-1,-1,-1,-1,-1
328,444,8/29/2017 15:10,1.50402E+12,ef5rq,1,FA,14,2,2,2,3,3,2
474,629,8/21/2017 12:15,1.50332E+12,iz2ps,rest,SXrest,-1,-1,-1,-1,-1,-1,-1
282,398,8/21/2017 14:32,1.50333E+12,e4gay,2,n3,-1,-1,-1,-1,-1,-1,-1
257,373,9/20/2017 15:48,1.50592E+12,dkhty,rest,FArest,-1,-1,-1,-1,-1,-1,-1
483,676,10/17/2017 7:59,1.50823E+12,rc1in,rest,n2_rest,-1,-1,-1,-1,-1,-1,-1
358,513,10/20/2017 11:22,1.5085E+12,f3j25,2,n3,-1,-1,-1,-1,-1,-1,-1
81,120,10/17/2017 9:39,1.50823E+12,5gpsc,2,HP,13,2,2,2,2,2,3
261,377,9/20/2017 15:54,1.50592E+12,dkhty,rest,GCrest,-1,-1,-1,-1,-1,-1,-1
262,378,9/20/2017 15:55,1.50592E+12,dkhty,rest,GCrest,-1,-1,-1,-1,-1,-1,-1
411,566,10/19/2017 15:42,1.50843E+12,ibvx8,2,n3,-1,-1,-1,-1,-1,-1,-1
146,224,8/21/2017 13:41,1.50332E+12,7swyk,0,SX,12,2,2,2,2,2,2
321,437,8/29/2017 15:00,1.50402E+12,ef5rq,2,HP,11,3,2,2,1,2,1
460,615,8/21/2017 12:04,1.50332E+12,iz2ps,2,GC,19,4,2,3,4,3,3
175,253,10/19/2017 14:01,1.50842E+12,b7mrd,2,n3,-1,-1,-1,-1,-1,-1,-1
486,679,10/17/2017 8:18,1.50823E+12,rc1in,2,HP,12,2,1,3,2,3,1
163,241,10/13/2017 8:41,1.50788E+12,8a1ep,rest,HPrest,-1,-1,-1,-1,-1,-1,-1
572,765,10/18/2017 12:42,1.50833E+12,wjxci,2,GC,21,4,3,4,4,3,3
53,53,10/18/2017 14:58,1.50834E+12,2nxs5,rest,FArest,-1,-1,-1,-1,-1,-1,-1
307,423,8/21/2017 15:15,1.50333E+12,e4gay,rest,NCrest,-1,-1,-1,-1,-1,-1,-1
441,596,10/19/2017 16:35,1.50843E+12,ibvx8,rest,SXrest,-1,-1,-1,-1,-1,-1,-1
61,61,10/18/2017 15:09,1.50834E+12,2nxs5,2,NC,16,2,2,3,3,3,3
607,800,10/20/2017 9:29,1.50849E+12,yljm5,rest,FArest,-1,-1,-1,-1,-1,-1,-1
166,244,10/13/2017 8:47,1.50788E+12,8a1ep,0,FA,8,1,1,2,1,1,2
100,139,10/17/2017 10:02,1.50823E+12,5gpsc,rest,GCrest,-1,-1,-1,-1,-1,-1,-1
189,267,10/19/2017 14:49,1.50842E+12,b7mrd,1,GC,16,3,2,2,3,3,3
604,797,10/20/2017 9:28,1.50849E+12,yljm5,1,FA,17,2,1,3,4,4,3
561,754,10/18/2017 12:29,1.50833E+12,wjxci,1,HP,9,2,2,1,1,2,1
151,229,8/21/2017 13:49,1.50332E+12,7swyk,rest,SXrest,-1,-1,-1,-1,-1,-1,-1
278,394,9/20/2017 16:10,1.50592E+12,dkhty,rest,PTrest,-1,-1,-1,-1,-1,-1,-1
68,68,10/18/2017 15:18,1.50834E+12,2nxs5,2,SX,14,2,2,2,3,3,2
299,415,8/21/2017 15:04,1.50333E+12,e4gay,rest,GCrest,-1,-1,-1,-1,-1,-1,-1
268,384,9/20/2017 16:03,1.50592E+12,dkhty,rest,NCrest,-1,-1,-1,-1,-1,-1,-1
552,745,9/15/2017 15:16,1.50549E+12,tn4vl,rest,SXrest,-1,-1,-1,-1,-1,-1,-1
5,5,9/19/2017 15:00,1.50583E+12,1mpau,0,HP,10,2,1,2,2,2,1
345,461,8/29/2017 15:26,1.50402E+12,ef5rq,0,SX,9,2,2,1,1,2,1
510,703,10/17/2017 8:49,1.50823E+12,rc1in,1,SX,14,3,1,3,2,3,2
50,50,10/18/2017 14:57,1.50834E+12,2nxs5,0,FA,16,3,2,2,3,3,3
547,740,9/15/2017 15:11,1.50549E+12,tn4vl,0,SX,10,1,2,2,1,2,2
627,820,10/20/2017 9:53,1.50849E+12,yljm5,1,PT,8,1,1,3,1,1,1
185,263,10/19/2017 14:46,1.50842E+12,b7mrd,0,FA,11,2,2,2,2,2,1
370,525,10/20/2017 11:54,1.5085E+12,f3j25,rest,FArest,-1,-1,-1,-1,-1,-1,-1
141,219,8/21/2017 13:37,1.50332E+12,7swyk,2,NC,22,4,4,4,3,4,3
403,558,9/15/2017 7:30,1.50546E+12,hpbxa,rest,HPrest,-1,-1,-1,-1,-1,-1,-1
579,772,10/18/2017 12:52,1.50833E+12,wjxci,1,NC,19,4,3,3,2,4,3
47,47,10/18/2017 14:46,1.50834E+12,2nxs5,rest,HPrest,-1,-1,-1,-1,-1,-1,-1
584,777,10/18/2017 12:58,1.50833E+12,wjxci,2,SX,19,3,4,3,2,4,3
241,357,9/13/2017 16:49,1.50532E+12,c24ur,rest,PTrest,-1,-1,-1,-1,-1,-1,-1
379,534,10/20/2017 12:14,1.5085E+12,f3j25,2,NC,18,4,1,4,3,3,3
79,118,10/17/2017 9:21,1.50823E+12,5gpsc,2,n3,-1,-1,-1,-1,-1,-1,-1
586,779,10/18/2017 12:56,1.50833E+12,wjxci,rest,SXrest,-1,-1,-1,-1,-1,-1,-1
105,144,10/17/2017 10:07,1.50823E+12,5gpsc,rest,NCrest,-1,-1,-1,-1,-1,-1,-1
606,799,10/20/2017 9:25,1.50849E+12,yljm5,rest,FArest,-1,-1,-1,-1,-1,-1,-1
465,620,8/21/2017 12:08,1.50332E+12,iz2ps,0,NC,18,4,2,3,2,4,3
107,146,10/17/2017 10:12,1.50824E+12,5gpsc,0,SX,15,2,3,2,2,3,3
390,545,10/20/2017 12:27,1.5085E+12,f3j25,1,PT,11,3,1,2,1,3,1
273,389,9/20/2017 16:06,1.50592E+12,dkhty,rest,SXrest,-1,-1,-1,-1,-1,-1,-1
342,458,8/29/2017 15:20,1.50402E+12,ef5rq,rest,NCrest,-1,-1,-1,-1,-1,-1,-1
97,136,10/17/2017 10:01,1.50823E+12,5gpsc,0,GC,12,2,2,2,2,2,2
45,45,10/18/2017 14:42,1.50834E+12,2nxs5,rest,HPrest,-1,-1,-1,-1,-1,-1,-1
144,222,8/21/2017 13:38,1.50332E+12,7swyk,rest,NCrest,-1,-1,-1,-1,-1,-1,-1
543,736,9/15/2017 15:10,1.50549E+12,tn4vl,1,NC,15,3,1,3,2,3,3
605,798,10/20/2017 9:30,1.50849E+12,yljm5,0,FA,11,2,1,2,2,2,2
583,776,10/18/2017 12:55,1.50833E+12,wjxci,1,SX,13,3,2,2,1,3,2
567,760,10/18/2017 12:36,1.50833E+12,wjxci,0,FA,8,1,2,1,1,1,2
461,616,8/21/2017 12:06,1.50332E+12,iz2ps,0,GC,13,2,2,2,2,3,2
17,17,9/19/2017 15:12,1.50583E+12,1mpau,2,GC,17,3,2,3,4,3,2
524,717,9/15/2017 14:47,1.50549E+12,tn4vl,2,HP,12,3,1,2,1,3,2
60,60,10/18/2017 15:05,1.50834E+12,2nxs5,0,NC,13,2,2,2,3,2,2
228,344,9/13/2017 16:39,1.50532E+12,c24ur,1,NC,9,1,1,1,3,2,1
48,48,10/18/2017 14:49,1.50834E+12,2nxs5,2,FA,17,3,2,3,3,3,3
366,521,10/20/2017 11:49,1.5085E+12,f3j25,2,FA,9,1,1,3,1,2,1
377,532,10/20/2017 12:08,1.5085E+12,f3j25,rest,GCrest,-1,-1,-1,-1,-1,-1,-1
235,351,9/13/2017 16:43,1.50532E+12,c24ur,rest,SXrest,-1,-1,-1,-1,-1,-1,-1
224,340,9/13/2017 16:30,1.50532E+12,c24ur,rest,GCrest,-1,-1,-1,-1,-1,-1,-1
428,583,10/19/2017 16:16,1.50843E+12,ibvx8,rest,GCrest,-1,-1,-1,-1,-1,-1,-1
132,210,8/21/2017 13:22,1.50332E+12,7swyk,rest,FArest,-1,-1,-1,-1,-1,-1,-1
14,14,9/19/2017 15:08,1.50583E+12,1mpau,rest,FArest,-1,-1,-1,-1,-1,-1,-1
148,226,8/21/2017 13:47,1.50332E+12,7swyk,2,SX,21,4,4,4,2,4,3
131,209,8/21/2017 13:19,1.50332E+12,7swyk,rest,FArest,-1,-1,-1,-1,-1,-1,-1
478,633,8/21/2017 12:23,1.50332E+12,iz2ps,0,PT,17,3,3,3,3,3,2
27,27,9/19/2017 15:23,1.50583E+12,1mpau,0,SX,13,2,3,2,2,2,2
226,342,9/13/2017 16:33,1.50532E+12,c24ur,0,NC,8,1,1,1,3,1,1
25,25,9/19/2017 15:20,1.50583E+12,1mpau,rest,NCrest,-1,-1,-1,-1,-1,-1,-1
309,425,8/21/2017 15:20,1.50333E+12,e4gay,2,SX,20,4,3,4,2,4,3
87,126,10/17/2017 9:42,1.50823E+12,5gpsc,rest,HPrest,-1,-1,-1,-1,-1,-1,-1
248,364,9/20/2017 15:42,1.50592E+12,dkhty,0,HP,15,3,2,2,2,3,3
512,705,10/17/2017 8:47,1.50823E+12,rc1in,rest,SXrest,-1,-1,-1,-1,-1,-1,-1
384,539,10/20/2017 12:19,1.5085E+12,f3j25,0,SX,9,1,3,1,1,1,2
329,445,8/29/2017 15:12,1.50402E+12,ef5rq,0,FA,14,2,2,2,3,3,2
154,232,10/13/2017 8:15,1.50788E+12,8a1ep,1,n2,-1,-1,-1,-1,-1,-1,-1
216,332,9/13/2017 16:23,1.50532E+12,c24ur,0,FA,11,1,1,2,3,2,2
222,338,9/13/2017 16:30,1.50532E+12,c24ur,0,GC,8,1,1,1,3,1,1
245,361,9/20/2017 15:30,1.50592E+12,dkhty,2,n3,-1,-1,-1,-1,-1,-1,-1
400,555,9/15/2017 7:29,1.50546E+12,hpbxa,0,HP,11,3,1,2,2,2,1
258,374,9/20/2017 15:51,1.50592E+12,dkhty,rest,FArest,-1,-1,-1,-1,-1,-1,-1
21,21,9/19/2017 15:15,1.50583E+12,1mpau,0,NC,11,2,1,2,2,3,1
231,347,9/13/2017 16:41,1.50532E+12,c24ur,rest,NCrest,-1,-1,-1,-1,-1,-1,-1
82,121,10/17/2017 9:42,1.50823E+12,5gpsc,0,HP,12,2,2,2,2,2,2
360,515,10/20/2017 11:39,1.5085E+12,f3j25,2,HP,11,2,1,3,1,3,1
612,805,10/20/2017 9:34,1.50849E+12,yljm5,rest,GCrest,-1,-1,-1,-1,-1,-1,-1
570,763,10/18/2017 12:38,1.50833E+12,wjxci,rest,FArest,-1,-1,-1,-1,-1,-1,-1
223,339,9/13/2017 16:27,1.50532E+12,c24ur,rest,GCrest,-1,-1,-1,-1,-1,-1,-1
319,435,8/29/2017 14:41,1.50402E+12,ef5rq,rest,n2_rest,-1,-1,-1,-1,-1,-1,-1
59,59,10/18/2017 15:03,1.50834E+12,2nxs5,rest,GCrest,-1,-1,-1,-1,-1,-1,-1
502,695,10/17/2017 8:38,1.50823E+12,rc1in,rest,GCrest,-1,-1,-1,-1,-1,-1,-1
614,807,10/20/2017 9:37,1.50849E+12,yljm5,rest,GCrest,-1,-1,-1,-1,-1,-1,-1
266,382,9/20/2017 15:57,1.50592E+12,dkhty,rest,NCrest,-1,-1,-1,-1,-1,-1,-1
56,56,10/18/2017 15:02,1.50834E+12,2nxs5,0,GC,12,2,2,2,2,2,2
398,553,9/15/2017 7:19,1.50546E+12,hpbxa,rest,n3_rest,-1,-1,-1,-1,-1,-1,-1
630,823,10/20/2017 9:53,1.50849E+12,yljm5,rest,PTrest,-1,-1,-1,-1,-1,-1,-1
89,128,10/17/2017 9:47,1.50823E+12,5gpsc,2,FA,16,3,2,2,3,3,3
518,711,10/17/2017 8:56,1.50823E+12,rc1in,rest,PTrest,-1,-1,-1,-1,-1,-1,-1
475,630,8/21/2017 12:17,1.50332E+12,iz2ps,rest,SXrest,-1,-1,-1,-1,-1,-1,-1
324,440,8/29/2017 15:02,1.50402E+12,ef5rq,rest,HPrest,-1,-1,-1,-1,-1,-1,-1
357,512,10/20/2017 11:20,1.5085E+12,f3j25,rest,n2_rest,-1,-1,-1,-1,-1,-1,-1
18,18,9/19/2017 15:11,1.50583E+12,1mpau,rest,GCrest,-1,-1,-1,-1,-1,-1,-1
290,406,8/21/2017 14:54,1.50333E+12,e4gay,2,FA,17,4,3,2,2,3,3
315,431,8/21/2017 15:26,1.50333E+12,e4gay,2,PT,17,4,4,2,2,3,2
531,724,9/15/2017 14:56,1.50549E+12,tn4vl,1,FA,11,2,1,2,1,3,2
284,400,8/21/2017 14:47,1.50333E+12,e4gay,2,HP,14,3,3,2,2,3,1
233,349,9/13/2017 16:44,1.50532E+12,c24ur,1,SX,8,1,1,1,3,1,1
507,700,10/17/2017 8:43,1.50823E+12,rc1in,rest,NCrest,-1,-1,-1,-1,-1,-1,-1
2,2,9/19/2017 14:43,1.50583E+12,1mpau,2,n3,-1,-1,-1,-1,-1,-1,-1
229,345,9/13/2017 16:33,1.50532E+12,c24ur,rest,NCrest,-1,-1,-1,-1,-1,-1,-1
581,774,10/18/2017 12:50,1.50833E+12,wjxci,rest,NCrest,-1,-1,-1,-1,-1,-1,-1
269,385,9/20/2017 16:03,1.50592E+12,dkhty,0,SX,16,3,3,2,2,3,3
139,217,8/21/2017 13:33,1.50332E+12,7swyk,rest,GCrest,-1,-1,-1,-1,-1,-1,-1
263,379,9/20/2017 15:56,1.50592E+12,dkhty,0,NC,15,3,2,2,2,3,3
94,133,10/17/2017 9:55,1.50823E+12,5gpsc,rest,FArest,-1,-1,-1,-1,-1,-1,-1
470,625,8/21/2017 12:14,1.50332E+12,iz2ps,rest,NCrest,-1,-1,-1,-1,-1,-1,-1
361,516,10/20/2017 11:43,1.5085E+12,f3j25,0,HP,7,1,1,1,1,2,1
106,145,10/17/2017 10:12,1.50824E+12,5gpsc,rest,NCrest,-1,-1,-1,-1,-1,-1,-1
128,206,8/21/2017 13:18,1.50332E+12,7swyk,2,FA,13,2,2,2,3,2,2
111,150,10/17/2017 10:15,1.50824E+12,5gpsc,rest,SXrest,-1,-1,-1,-1,-1,-1,-1
170,248,10/13/2017 8:49,1.50788E+12,8a1ep,1,GC,12,3,1,1,2,3,2
442,597,10/19/2017 16:37,1.50843E+12,ibvx8,1,PT,19,3,3,3,3,3,4
477,632,8/21/2017 12:21,1.50332E+12,iz2ps,1,PT,15,3,2,3,2,3,2
281,397,8/21/2017 14:30,1.50333E+12,e4gay,rest,n2_rest,-1,-1,-1,-1,-1,-1,-1
560,753,10/18/2017 12:27,1.50833E+12,wjxci,0,HP,7,1,1,1,1,2,1
31,31,9/19/2017 15:25,1.50583E+12,1mpau,rest,SXrest,-1,-1,-1,-1,-1,-1,-1
271,387,9/20/2017 16:07,1.50592E+12,dkhty,2,SX,21,4,4,2,3,4,4
437,592,10/19/2017 16:30,1.50843E+12,ibvx8,1,SX,23,4,3,4,3,4,5
481,636,8/21/2017 12:24,1.50332E+12,iz2ps,rest,PTrest,-1,-1,-1,-1,-1,-1,-1
532,725,9/15/2017 14:57,1.50549E+12,tn4vl,0,FA,9,2,1,2,1,2,1
289,405,8/21/2017 14:53,1.50333E+12,e4gay,rest,HPrest,-1,-1,-1,-1,-1,-1,-1
15,15,9/19/2017 15:10,1.50583E+12,1mpau,rest,FArest,-1,-1,-1,-1,-1,-1,-1
46,46,10/18/2017 14:44,1.50834E+12,2nxs5,rest,HPrest,-1,-1,-1,-1,-1,-1,-1
362,517,10/20/2017 11:46,1.5085E+12,f3j25,1,HP,9,2,1,2,1,2,1
32,32,9/19/2017 15:28,1.50583E+12,1mpau,rest,SXrest,-1,-1,-1,-1,-1,-1,-1
575,768,10/18/2017 12:43,1.50833E+12,wjxci,rest,GCrest,-1,-1,-1,-1,-1,-1,-1
473,628,8/21/2017 12:19,1.50332E+12,iz2ps,2,SX,23,4,4,3,4,4,4
336,452,8/29/2017 15:15,1.50402E+12,ef5rq,rest,GCrest,-1,-1,-1,-1,-1,-1,-1
628,821,10/20/2017 9:54,1.50849E+12,yljm5,0,PT,7,1,1,2,1,1,1
423,578,10/19/2017 16:10,1.50843E+12,ibvx8,rest,FArest,-1,-1,-1,-1,-1,-1,-1
387,542,10/20/2017 12:20,1.5085E+12,f3j25,rest,SXrest,-1,-1,-1,-1,-1,-1,-1
585,778,10/18/2017 12:54,1.50833E+12,wjxci,rest,SXrest,-1,-1,-1,-1,-1,-1,-1
587,780,10/18/2017 12:59,1.50833E+12,wjxci,rest,SXrest,-1,-1,-1,-1,-1,-1,-1
458,613,8/21/2017 11:59,1.50332E+12,iz2ps,rest,FArest,-1,-1,-1,-1,-1,-1,-1
413,568,10/19/2017 15:57,1.50843E+12,ibvx8,2,HP,15,2,2,3,2,3,3
589,782,10/18/2017 13:02,1.50833E+12,wjxci,0,PT,12,2,3,2,1,2,2
95,134,10/17/2017 9:56,1.50823E+12,5gpsc,1,GC,16,3,2,2,3,3,3
498,691,10/17/2017 8:34,1.50823E+12,rc1in,1,GC,12,3,1,1,3,3,1
16,16,9/19/2017 15:10,1.50583E+12,1mpau,1,GC,14,3,1,2,3,3,2
70,70,10/18/2017 15:15,1.50834E+12,2nxs5,rest,SXrest,-1,-1,-1,-1,-1,-1,-1
558,751,10/18/2017 12:05,1.50833E+12,wjxci,rest,n3_rest,-1,-1,-1,-1,-1,-1,-1
393,548,10/20/2017 12:28,1.5085E+12,f3j25,rest,PTrest,-1,-1,-1,-1,-1,-1,-1
155,233,10/13/2017 8:18,1.50788E+12,8a1ep,rest,n2_rest,-1,-1,-1,-1,-1,-1,-1
464,619,8/21/2017 12:07,1.50332E+12,iz2ps,rest,GCrest,-1,-1,-1,-1,-1,-1,-1
435,590,10/19/2017 16:27,1.50843E+12,ibvx8,rest,NCrest,-1,-1,-1,-1,-1,-1,-1
625,818,10/20/2017 9:49,1.50849E+12,yljm5,rest,SXrest,-1,-1,-1,-1,-1,-1,-1
485,678,10/17/2017 8:04,1.50823E+12,rc1in,rest,n3_rest,-1,-1,-1,-1,-1,-1,-1
396,551,9/15/2017 7:14,1.50546E+12,hpbxa,rest,n2_rest,-1,-1,-1,-1,-1,-1,-1
389,544,10/20/2017 12:26,1.5085E+12,f3j25,rest,SXrest,-1,-1,-1,-1,-1,-1,-1
505,698,10/17/2017 8:44,1.50823E+12,rc1in,1,NC,11,3,1,1,2,3,1
513,706,10/17/2017 8:50,1.50823E+12,rc1in,rest,SXrest,-1,-1,-1,-1,-1,-1,-1
517,710,10/17/2017 8:59,1.50823E+12,rc1in,2,PT,12,3,1,1,2,4,1
157,235,10/13/2017 8:23,1.50788E+12,8a1ep,rest,n3_rest,-1,-1,-1,-1,-1,-1,-1
200,278,10/19/2017 15:04,1.50843E+12,b7mrd,rest,NCrest,-1,-1,-1,-1,-1,-1,-1
553,746,9/15/2017 15:17,1.50549E+12,tn4vl,1,PT,12,3,1,2,1,3,2
73,73,10/18/2017 15:22,1.50834E+12,2nxs5,0,PT,12,2,2,2,2,2,2
305,421,8/21/2017 15:10,1.50333E+12,e4gay,rest,NCrest,-1,-1,-1,-1,-1,-1,-1
492,685,10/17/2017 8:25,1.50823E+12,rc1in,2,FA,11,2,1,2,2,3,1
469,624,8/21/2017 12:11,1.50332E+12,iz2ps,rest,NCrest,-1,-1,-1,-1,-1,-1,-1
597,790,10/20/2017 9:17,1.50849E+12,yljm5,2,HP,9,1,1,1,2,3,1
104,143,10/17/2017 10:04,1.50823E+12,5gpsc,rest,NCrest,-1,-1,-1,-1,-1,-1,-1
416,571,10/19/2017 15:58,1.50843E+12,ibvx8,rest,HPrest,-1,-1,-1,-1,-1,-1,-1
491,684,10/17/2017 8:24,1.50823E+12,rc1in,rest,HPrest,-1,-1,-1,-1,-1,-1,-1
243,359,9/20/2017 15:26,1.50592E+12,dkhty,1,n2,-1,-1,-1,-1,-1,-1,-1
96,135,10/17/2017 10:00,1.50823E+12,5gpsc,2,GC,21,3,2,4,4,4,4
430,585,10/19/2017 16:19,1.50843E+12,ibvx8,0,NC,16,2,2,4,2,3,3
391,546,10/20/2017 12:28,1.5085E+12,f3j25,0,PT,8,2,1,1,1,2,1
129,207,8/21/2017 13:21,1.50332E+12,7swyk,1,FA,16,2,3,2,3,3,3
496,689,10/17/2017 8:31,1.50823E+12,rc1in,rest,FArest,-1,-1,-1,-1,-1,-1,-1
629,822,10/20/2017 9:57,1.50849E+12,yljm5,2,PT,10,3,1,2,1,2,1
325,441,8/29/2017 15:04,1.50402E+12,ef5rq,rest,HPrest,-1,-1,-1,-1,-1,-1,-1
394,549,10/20/2017 12:29,1.5085E+12,f3j25,rest,PTrest,-1,-1,-1,-1,-1,-1,-1
23,23,9/19/2017 15:21,1.50583E+12,1mpau,1,NC,16,3,2,3,3,3,2
418,573,10/19/2017 16:03,1.50843E+12,ibvx8,rest,HPrest,-1,-1,-1,-1,-1,-1,-1
247,363,9/20/2017 15:40,1.50592E+12,dkhty,2,HP,19,3,2,3,3,4,4
380,535,10/20/2017 12:17,1.5085E+12,f3j25,1,NC,12,3,1,3,1,3,1
588,781,10/18/2017 13:00,1.50833E+12,wjxci,1,PT,19,3,4,3,2,4,3
595,788,10/20/2017 8:57,1.50849E+12,yljm5,2,n3,-1,-1,-1,-1,-1,-1,-1
472,627,8/21/2017 12:16,1.50332E+12,iz2ps,1,SX,21,4,4,3,3,4,3
302,418,8/21/2017 15:08,1.50333E+12,e4gay,0,NC,11,2,2,2,2,2,1
0,0,9/19/2017 14:39,1.50583E+12,1mpau,1,n2,-1,-1,-1,-1,-1,-1,-1
213,329,9/13/2017 16:16,1.50532E+12,c24ur,rest,HPrest,-1,-1,-1,-1,-1,-1,-1
603,796,10/20/2017 9:24,1.50849E+12,yljm5,2,FA,11,2,1,3,2,2,1
514,707,10/17/2017 8:54,1.50823E+12,rc1in,rest,SXrest,-1,-1,-1,-1,-1,-1,-1
471,626,8/21/2017 12:14,1.50332E+12,iz2ps,0,SX,14,2,2,3,3,2,2
557,750,10/18/2017 12:02,1.50833E+12,wjxci,2,n3,-1,-1,-1,-1,-1,-1,-1
617,810,10/20/2017 9:44,1.50849E+12,yljm5,1,NC,10,2,1,2,2,2,1
439,594,10/19/2017 16:29,1.50843E+12,ibvx8,rest,SXrest,-1,-1,-1,-1,-1,-1,-1
620,813,10/20/2017 9:45,1.50849E+12,yljm5,rest,NCrest,-1,-1,-1,-1,-1,-1,-1
250,366,9/20/2017 15:41,1.50592E+12,dkhty,rest,HPrest,-1,-1,-1,-1,-1,-1,-1
51,51,10/18/2017 14:50,1.50834E+12,2nxs5,rest,FArest,-1,-1,-1,-1,-1,-1,-1
399,554,9/15/2017 7:28,1.50546E+12,hpbxa,2,HP,13,3,2,2,2,3,1
3,3,9/19/2017 14:46,1.50583E+12,1mpau,rest,n3_rest,-1,-1,-1,-1,-1,-1,-1
210,326,9/13/2017 16:14,1.50532E+12,c24ur,1,HP,8,1,1,1,3,1,1
255,371,9/20/2017 15:50,1.50592E+12,dkhty,0,FA,20,4,2,2,4,4,4
533,726,9/15/2017 14:55,1.50549E+12,tn4vl,rest,FArest,-1,-1,-1,-1,-1,-1,-1
136,214,8/21/2017 13:31,1.50332E+12,7swyk,0,GC,18,3,3,3,3,3,3
20,20,9/19/2017 15:14,1.50583E+12,1mpau,rest,GCrest,-1,-1,-1,-1,-1,-1,-1
118,196,8/21/2017 12:45,1.50332E+12,7swyk,1,n2,-1,-1,-1,-1,-1,-1,-1
9,9,9/19/2017 15:04,1.50583E+12,1mpau,rest,HPrest,-1,-1,-1,-1,-1,-1,-1
451,606,8/21/2017 11:50,1.50332E+12,iz2ps,rest,HPrest,-1,-1,-1,-1,-1,-1,-1
110,149,10/17/2017 10:13,1.50824E+12,5gpsc,rest,SXrest,-1,-1,-1,-1,-1,-1,-1
375,530,10/20/2017 12:02,1.5085E+12,f3j25,rest,GCrest,-1,-1,-1,-1,-1,-1,-1
182,260,10/19/2017 14:39,1.50842E+12,b7mrd,rest,HPrest,-1,-1,-1,-1,-1,-1,-1
65,65,10/18/2017 15:12,1.50834E+12,2nxs5,rest,NCrest,-1,-1,-1,-1,-1,-1,-1
415,570,10/19/2017 16:01,1.50843E+12,ibvx8,1,HP,18,3,2,2,3,4,4
527,720,9/15/2017 14:48,1.50549E+12,tn4vl,rest,HPrest,-1,-1,-1,-1,-1,-1,-1
550,743,9/15/2017 15:12,1.50549E+12,tn4vl,rest,SXrest,-1,-1,-1,-1,-1,-1,-1
454,609,8/21/2017 11:56,1.50332E+12,iz2ps,2,FA,16,3,2,3,3,3,2
34,34,9/19/2017 15:30,1.50584E+12,1mpau,0,PT,12,2,2,2,2,2,2
582,775,10/18/2017 12:53,1.50833E+12,wjxci,rest,NCrest,-1,-1,-1,-1,-1,-1,-1
453,608,8/21/2017 11:55,1.50332E+12,iz2ps,rest,HPrest,-1,-1,-1,-1,-1,-1,-1
386,541,10/20/2017 12:24,1.5085E+12,f3j25,2,SX,10,2,2,1,1,2,2
556,749,10/18/2017 12:00,1.50833E+12,wjxci,rest,n2_rest,-1,-1,-1,-1,-1,-1,-1
599,792,10/20/2017 9:21,1.50849E+12,yljm5,1,HP,7,1,1,1,1,2,1
294,410,8/21/2017 14:59,1.50333E+12,e4gay,rest,FArest,-1,-1,-1,-1,-1,-1,-1
351,467,8/29/2017 15:32,1.50402E+12,ef5rq,1,PT,15,3,3,2,2,3,2
191,269,10/19/2017 14:53,1.50842E+12,b7mrd,0,GC,12,2,2,2,2,2,2
254,370,9/20/2017 15:47,1.50592E+12,dkhty,1,FA,19,3,2,3,3,4,4
130,208,8/21/2017 13:23,1.50332E+12,7swyk,0,FA,17,3,3,2,3,3,3
446,601,8/21/2017 11:24,1.50331E+12,iz2ps,2,n3,-1,-1,-1,-1,-1,-1,-1
569,762,10/18/2017 12:36,1.50833E+12,wjxci,rest,FArest,-1,-1,-1,-1,-1,-1,-1
462,617,8/21/2017 12:03,1.50332E+12,iz2ps,rest,GCrest,-1,-1,-1,-1,-1,-1,-1
424,579,10/19/2017 16:13,1.50843E+12,ibvx8,rest,FArest,-1,-1,-1,-1,-1,-1,-1
204,320,9/13/2017 15:50,1.50532E+12,c24ur,1,n2,-1,-1,-1,-1,-1,-1,-1
98,137,10/17/2017 9:57,1.50823E+12,5gpsc,rest,GCrest,-1,-1,-1,-1,-1,-1,-1
331,447,8/29/2017 15:11,1.50402E+12,ef5rq,rest,FArest,-1,-1,-1,-1,-1,-1,-1
484,677,10/17/2017 8:01,1.50823E+12,rc1in,2,n3,-1,-1,-1,-1,-1,-1,-1
537,730,9/15/2017 15:01,1.50549E+12,tn4vl,2,GC,20,4,1,3,4,4,4
12,12,9/19/2017 15:08,1.50583E+12,1mpau,0,FA,10,2,1,2,2,2,1
564,757,10/18/2017 12:31,1.50833E+12,wjxci,rest,HPrest,-1,-1,-1,-1,-1,-1,-1
503,696,10/17/2017 8:39,1.50823E+12,rc1in,0,NC,11,3,1,1,2,3,1
590,783,10/18/2017 13:05,1.50833E+12,wjxci,2,PT,22,3,5,4,2,4,4
211,327,9/13/2017 16:10,1.50532E+12,c24ur,rest,HPrest,-1,-1,-1,-1,-1,-1,-1
39,39,10/18/2017 14:25,1.50834E+12,2nxs5,rest,n2_rest,-1,-1,-1,-1,-1,-1,-1
58,58,10/18/2017 15:02,1.50834E+12,2nxs5,rest,GCrest,-1,-1,-1,-1,-1,-1,-1
122,200,8/21/2017 13:09,1.50332E+12,7swyk,2,HP,11,2,2,1,2,2,2
13,13,9/19/2017 15:06,1.50583E+12,1mpau,rest,FArest,-1,-1,-1,-1,-1,-1,-1
504,697,10/17/2017 8:42,1.50823E+12,rc1in,2,NC,14,3,1,4,2,3,1
538,731,9/15/2017 15:00,1.50549E+12,tn4vl,rest,GCrest,-1,-1,-1,-1,-1,-1,-1
4,4,9/19/2017 14:58,1.50583E+12,1mpau,2,HP,12,3,1,2,2,2,2
316,432,8/21/2017 15:23,1.50333E+12,e4gay,rest,PTrest,-1,-1,-1,-1,-1,-1,-1
121,199,8/21/2017 12:52,1.50332E+12,7swyk,rest,n3_rest,-1,-1,-1,-1,-1,-1,-1
354,470,8/29/2017 15:33,1.50402E+12,ef5rq,rest,PTrest,-1,-1,-1,-1,-1,-1,-1
622,815,10/20/2017 9:48,1.50849E+12,yljm5,1,SX,7,1,1,1,1,1,2
397,552,9/15/2017 7:16,1.50546E+12,hpbxa,2,n3,-1,-1,-1,-1,-1,-1,-1
495,688,10/17/2017 8:27,1.50823E+12,rc1in,rest,FArest,-1,-1,-1,-1,-1,-1,-1
333,449,8/29/2017 15:14,1.50402E+12,ef5rq,1,GC,14,3,2,1,3,3,2
306,422,8/21/2017 15:13,1.50333E+12,e4gay,rest,NCrest,-1,-1,-1,-1,-1,-1,-1
83,122,10/17/2017 9:44,1.50823E+12,5gpsc,1,HP,12,2,2,2,2,2,2
406,561,9/15/2017 7:35,1.50546E+12,hpbxa,rest,FArest,-1,-1,-1,-1,-1,-1,-1
499,692,10/17/2017 8:36,1.50823E+12,rc1in,2,GC,14,3,1,1,5,3,1
38,38,10/18/2017 14:22,1.50834E+12,2nxs5,1,n2,-1,-1,-1,-1,-1,-1,-1
501,694,10/17/2017 8:37,1.50823E+12,rc1in,rest,GCrest,-1,-1,-1,-1,-1,-1,-1
542,735,9/15/2017 15:07,1.50549E+12,tn4vl,2,NC,21,4,1,5,3,4,4
252,368,9/20/2017 15:45,1.50592E+12,dkhty,rest,HPrest,-1,-1,-1,-1,-1,-1,-1
313,429,8/21/2017 15:22,1.50333E+12,e4gay,1,PT,12,2,3,2,2,2,1
88,127,10/17/2017 9:45,1.50823E+12,5gpsc,rest,HPrest,-1,-1,-1,-1,-1,-1,-1
395,550,9/15/2017 7:04,1.50546E+12,hpbxa,1,n2,-1,-1,-1,-1,-1,-1,-1
36,36,9/19/2017 15:30,1.50583E+12,1mpau,rest,PTrest,-1,-1,-1,-1,-1,-1,-1
167,245,10/13/2017 8:44,1.50788E+12,8a1ep,rest,FArest,-1,-1,-1,-1,-1,-1,-1
574,767,10/18/2017 12:40,1.50833E+12,wjxci,rest,GCrest,-1,-1,-1,-1,-1,-1,-1
298,414,8/21/2017 15:06,1.50333E+12,e4gay,0,GC,10,2,2,2,1,2,1
251,367,9/20/2017 15:42,1.50592E+12,dkhty,rest,HPrest,-1,-1,-1,-1,-1,-1,-1
288,404,8/21/2017 14:50,1.50333E+12,e4gay,rest,HPrest,-1,-1,-1,-1,-1,-1,-1
147,225,8/21/2017 13:43,1.50332E+12,7swyk,1,SX,16,3,3,3,2,3,2
214,330,9/13/2017 16:18,1.50532E+12,c24ur,2,FA,15,1,1,4,3,3,3
364,519,10/20/2017 11:44,1.5085E+12,f3j25,rest,HPrest,-1,-1,-1,-1,-1,-1,-1
240,356,9/13/2017 16:53,1.50532E+12,c24ur,2,PT,18,4,1,3,4,4,2
78,117,10/17/2017 9:19,1.50823E+12,5gpsc,rest,n2_rest,-1,-1,-1,-1,-1,-1,-1
530,723,9/15/2017 14:54,1.50549E+12,tn4vl,2,FA,17,4,1,3,2,4,3
565,758,10/18/2017 12:32,1.50833E+12,wjxci,2,FA,14,3,3,2,2,2,2
149,227,8/21/2017 13:42,1.50332E+12,7swyk,rest,SXrest,-1,-1,-1,-1,-1,-1,-1
426,581,10/19/2017 16:17,1.50843E+12,ibvx8,0,GC,17,3,2,3,3,3,3
19,19,9/19/2017 15:13,1.50583E+12,1mpau,rest,GCrest,-1,-1,-1,-1,-1,-1,-1
493,686,10/17/2017 8:30,1.50823E+12,rc1in,1,FA,17,3,1,3,3,4,3
440,595,10/19/2017 16:31,1.50843E+12,ibvx8,rest,SXrest,-1,-1,-1,-1,-1,-1,-1
244,360,9/20/2017 15:28,1.50592E+12,dkhty,rest,n2_rest,-1,-1,-1,-1,-1,-1,-1
365,520,10/20/2017 11:48,1.5085E+12,f3j25,rest,HPrest,-1,-1,-1,-1,-1,-1,-1
448,603,8/21/2017 11:49,1.50332E+12,iz2ps,2,HP,16,4,2,2,3,3,2
28,28,9/19/2017 15:24,1.50583E+12,1mpau,1,SX,15,3,2,2,3,3,2
181,259,10/19/2017 14:35,1.50842E+12,b7mrd,rest,HPrest,-1,-1,-1,-1,-1,-1,-1
91,130,10/17/2017 9:54,1.50823E+12,5gpsc,0,FA,18,3,2,3,2,4,4
459,614,8/21/2017 12:01,1.50332E+12,iz2ps,rest,FArest,-1,-1,-1,-1,-1,-1,-1
311,427,8/21/2017 15:18,1.50333E+12,e4gay,rest,SXrest,-1,-1,-1,-1,-1,-1,-1
618,811,10/20/2017 9:39,1.50849E+12,yljm5,rest,NCrest,-1,-1,-1,-1,-1,-1,-1
318,434,8/29/2017 14:40,1.50402E+12,ef5rq,1,n2,-1,-1,-1,-1,-1,-1,-1
137,215,8/21/2017 13:27,1.50332E+12,7swyk,rest,GCrest,-1,-1,-1,-1,-1,-1,-1
594,787,10/20/2017 8:55,1.50849E+12,yljm5,rest,n2_rest,-1,-1,-1,-1,-1,-1,-1
270,386,9/20/2017 16:05,1.50592E+12,dkhty,1,SX,16,3,3,2,2,3,3
164,242,10/13/2017 8:44,1.50788E+12,8a1ep,2,FA,15,4,2,3,1,3,2
500,693,10/17/2017 8:35,1.50823E+12,rc1in,rest,GCrest,-1,-1,-1,-1,-1,-1,-1
350,466,8/29/2017 15:31,1.50402E+12,ef5rq,rest,SXrest,-1,-1,-1,-1,-1,-1,-1
509,702,10/17/2017 8:46,1.50823E+12,rc1in,0,SX,13,2,2,1,2,2,4
277,393,9/20/2017 16:14,1.50592E+12,dkhty,2,PT,24,5,4,3,3,5,4
101,140,10/17/2017 10:03,1.50823E+12,5gpsc,0,NC,12,2,2,2,2,2,2
84,123,10/17/2017 9:13,1.50823E+12,5gpsc,rest,HPrest,-1,-1,-1,-1,-1,-1,-1
219,335,9/13/2017 16:24,1.50532E+12,c24ur,rest,FArest,-1,-1,-1,-1,-1,-1,-1
487,680,10/17/2017 8:20,1.50823E+12,rc1in,0,HP,11,1,2,3,2,2,1
26,26,9/19/2017 15:22,1.50583E+12,1mpau,rest,NCrest,-1,-1,-1,-1,-1,-1,-1
449,604,8/21/2017 11:51,1.50332E+12,iz2ps,0,HP,15,3,2,2,3,3,2
554,747,9/15/2017 15:17,1.50549E+12,tn4vl,rest,PTrest,-1,-1,-1,-1,-1,-1,-1
180,258,10/19/2017 14:34,1.50842E+12,b7mrd,rest,HPrest,-1,-1,-1,-1,-1,-1,-1
217,333,9/13/2017 16:19,1.50532E+12,c24ur,rest,FArest,-1,-1,-1,-1,-1,-1,-1
534,727,9/15/2017 14:56,1.50549E+12,tn4vl,rest,FArest,-1,-1,-1,-1,-1,-1,-1
326,442,8/29/2017 15:07,1.50402E+12,ef5rq,rest,HPrest,-1,-1,-1,-1,-1,-1,-1
35,35,9/19/2017 15:32,1.50584E+12,1mpau,2,PT,17,3,3,3,3,3,2
540,733,9/15/2017 15:03,1.50549E+12,tn4vl,rest,GCrest,-1,-1,-1,-1,-1,-1,-1
410,565,10/19/2017 15:40,1.50843E+12,ibvx8,rest,n2_rest,-1,-1,-1,-1,-1,-1,-1
168,246,10/13/2017 8:46,1.50788E+12,8a1ep,rest,FArest,-1,-1,-1,-1,-1,-1,-1
452,607,8/21/2017 11:52,1.50332E+12,iz2ps,rest,HPrest,-1,-1,-1,-1,-1,-1,-1
541,734,9/15/2017 15:04,1.50549E+12,tn4vl,0,NC,15,3,1,3,2,3,3
74,74,10/18/2017 15:25,1.50834E+12,2nxs5,2,PT,14,2,3,3,1,3,2
601,794,10/20/2017 9:20,1.50849E+12,yljm5,rest,HPrest,-1,-1,-1,-1,-1,-1,-1
115,154,10/17/2017 10:22,1.50824E+12,5gpsc,2,PT,30,5,5,5,5,5,5
402,557,9/15/2017 7:29,1.50546E+12,hpbxa,rest,HPrest,-1,-1,-1,-1,-1,-1,-1
227,343,9/13/2017 16:36,1.50532E+12,c24ur,2,NC,15,3,1,2,2,4,3
494,687,10/17/2017 8:31,1.50823E+12,rc1in,0,FA,9,2,1,2,1,2,1
314,430,8/21/2017 15:24,1.50333E+12,e4gay,0,PT,11,2,2,2,2,2,1
545,738,9/15/2017 15:08,1.50549E+12,tn4vl,rest,NCrest,-1,-1,-1,-1,-1,-1,-1
296,412,8/21/2017 15:03,1.50333E+12,e4gay,1,GC,16,4,2,2,3,3,2
179,257,10/19/2017 14:36,1.50842E+12,b7mrd,1,HP,11,2,1,2,2,2,2
548,741,9/15/2017 15:13,1.50549E+12,tn4vl,1,SX,15,3,2,2,2,3,3
445,600,8/21/2017 11:22,1.50331E+12,iz2ps,rest,n2_rest,-1,-1,-1,-1,-1,-1,-1
64,64,10/18/2017 15:09,1.50834E+12,2nxs5,rest,NCrest,-1,-1,-1,-1,-1,-1,-1
260,376,9/20/2017 15:52,1.50592E+12,dkhty,rest,GCrest,-1,-1,-1,-1,-1,-1,-1
419,574,10/19/2017 16:06,1.50843E+12,ibvx8,2,FA,20,5,3,1,4,3,4
80,119,10/17/2017 9:24,1.50823E+12,5gpsc,rest,n3_rest,-1,-1,-1,-1,-1,-1,-1
165,243,10/13/2017 8:46,1.50788E+12,8a1ep,1,FA,10,2,1,2,1,2,2
295,411,8/21/2017 15:02,1.50333E+12,e4gay,rest,FArest,-1,-1,-1,-1,-1,-1,-1
508,701,10/17/2017 8:46,1.50823E+12,rc1in,rest,NCrest,-1,-1,-1,-1,-1,-1,-1
529,722,9/15/2017 14:52,1.50549E+12,tn4vl,rest,HPrest,-1,-1,-1,-1,-1,-1,-1
476,631,8/21/2017 12:20,1.50332E+12,iz2ps,rest,SXrest,-1,-1,-1,-1,-1,-1,-1
279,395,9/20/2017 16:12,1.50592E+12,dkhty,rest,PTrest,-1,-1,-1,-1,-1,-1,-1
8,8,9/19/2017 15:01,1.50583E+12,1mpau,rest,HPrest,-1,-1,-1,-1,-1,-1,-1
1,1,9/19/2017 14:41,1.50583E+12,1mpau,rest,n2_rest,-1,-1,-1,-1,-1,-1,-1
488,681,10/17/2017 8:22,1.50823E+12,rc1in,1,HP,13,3,2,3,2,2,1
71,71,10/18/2017 15:20,1.50834E+12,2nxs5,rest,SXrest,-1,-1,-1,-1,-1,-1,-1
173,251,10/19/2017 13:55,1.50842E+12,b7mrd,1,n2,-1,-1,-1,-1,-1,-1,-1
320,436,8/29/2017 14:43,1.50402E+12,ef5rq,2,n3,-1,-1,-1,-1,-1,-1,-1
348,464,8/29/2017 15:26,1.50402E+12,ef5rq,rest,SXrest,-1,-1,-1,-1,-1,-1,-1
67,67,10/18/2017 15:15,1.50834E+12,2nxs5,1,SX,10,2,2,2,1,2,1
577,770,10/18/2017 12:46,1.50833E+12,wjxci,0,NC,12,3,3,2,1,2,1
184,262,10/19/2017 14:44,1.50842E+12,b7mrd,1,FA,14,3,2,2,2,3,2
